model,accuracy,macro_f1,weighted_f1
RandomForest,0.9998,0.6663767044683332,0.9997749541781359
